{
    "pools": [
        {
            "rolls": 1,
            "entries": [
                {
                    "type": "item",
                    "name": "minecraft:rabbit_hide",
                    "weight": 1,
                    "functions": [
                        {
                            "function": "set_count",
                            "count": {
                                "min": 0,
                                "max": 1
                            }
                        },
                        {
                            "function": "looting_enchant",
                            "count": {
                                "min": 0,
                                "max": 1
                            }
                        }
                    ]
                }
            ]
        },
        {
            "rolls": 1,
            "entries": [
                {
                    "type": "item",
                    "name": "minecraft:rabbit",
                    "weight": 1,
                    "functions": [
                        {
                            "function": "set_count",
                            "count": {
                                "min": 0,
                                "max": 1
                            }
                        },
                        {
                            "function": "furnace_smelt",
                            "conditions": [
                                {
                                    "condition": "entity_properties",
                                    "entity": "this",
                                    "properties": {
                                        "on_fire": true
                                    }
                                }
                            ]
                        },
                        {
                            "function": "looting_enchant",
                            "count": {
                                "min": 0,
                                "max": 1
                            }
                        }
                    ]
                }
            ]
        },
        {
            "conditions": [
                {
                    "condition": "killed_by_player"
                },
                {
                    "condition": "random_chance_with_looting",
                    "chance": 0.1,
                    "looting_multiplier": 0.03
                }
            ],
            "rolls": 1,
            "entries": [
                {
                    "type": "item",
                    "name": "minecraft:rabbit_foot",
                    "weight": 1
                }
            ]
        },
        {
            "conditions": [
                {
                    "condition": "killed_by_player"
                },
                {
                    "condition": "random_chance_with_looting",
                    "chance": 0.015,
                    "looting_multiplier": 0.05
                }
            ],
            "rolls": 1,
            "entries": [
            	{
                    "type": "item",
                    "name": "minecraft:enchanted_book",
                    "weight": 1,
                    "functions": [
                        {
                         "function": "set_nbt",
                         "tag": "{StoredCustomEnchantments:[{id:\"Leaping\",lvl:1}],display:{Lore:[\"{\\\"text\\\":\\\"Leaping I\\\",\\\"color\\\":\\\"gray\\\",\\\"italic\\\":false}\", \"{\\\"text\\\":\\\"► Leggings\\\",\\\"color\\\":\\\"blue\\\"}\"]}}"
                        }
                    ]
                }
            ]
        }
    ]
}