{
    "pools": [
        {
            "rolls": 1,
            "entries": [
                {
                    "type": "item",
                    "name": "minecraft:rotten_flesh",
                    "weight": 1,
                    "functions": [
                        {
                            "function": "set_count",
                            "count": {
                                "min": 0,
                                "max": 2
                            }
                        },
                        {
                            "function": "looting_enchant",
                            "count": {
                                "min": 0,
                                "max": 1
                            }
                        }
                    ]
                }
            ]
        },
        {
            "conditions": [
                {
                    "condition": "killed_by_player"
                },
                {
                    "condition": "random_chance_with_looting",
                    "chance": 0.025,
                    "looting_multiplier": 0.01
                }
            ],
            "rolls": 1,
            "entries": [
                {
                    "type": "item",
                    "name": "minecraft:enchanted_book",
                    "weight": 1,
                    "functions": [
                        {
                         "function": "set_nbt",
                         "tag": "{StoredCustomEnchantments:[{id:\"Recovery\",lvl:1}],display:{Lore:[\"{\\\"text\\\":\\\"Recovery I\\\",\\\"color\\\":\\\"gray\\\",\\\"italic\\\":false}\", \"{\\\"text\\\":\\\"► Leggings\\\",\\\"color\\\":\\\"blue\\\"}\"]}}"
                        }
                    ]
                },
                {
                    "type": "item",
                    "name": "minecraft:iron_ingot",
                    "weight": 1
                },
                {
                    "type": "item",
                    "name": "minecraft:carrot",
                    "weight": 1
                },
                {
                  "type": "minecraft:item",
                  "functions": [
                    {
                      "function": "minecraft:furnace_smelt",
                      "conditions": [
                        {
                          "condition": "minecraft:entity_properties",
                          "predicate": {
                            "flags": {
                              "is_on_fire": true
                            }
                          },
                          "entity": "this"
                        }
                      ]
                    }
                  ],
                  "name": "minecraft:potato"
                }
            ]
        }
    ]
}