{
  "type": "minecraft:block",
  "pools": [
    {
      "rolls": 1,
      "entries": [
        {
          "type": "minecraft:alternatives",
          "children": [
             {
               "type": "minecraft:item",
               "conditions": [
                 {
                   "condition": "minecraft:match_tool",
                   "predicate": {
                     "enchantments": [
                       {
                         "enchantment": "minecraft:fortune",
                         "levels": {
                           "min": 1
                         }
                       }
                     ],
                    "nbt": "{CustomEnchantments:{VeinMiner:1,AutoSmelt:1}}"
                   }
                 }
               ],
               "functions": [
                 {
                   "function": "set_nbt",
                   "tag": "{CustomEnchantments:{VeinMinerItemBreak:1,VeinAutoSmelt:1}}"
                 },
                 {
                   "function": "minecraft:apply_bonus",
                   "enchantment": "minecraft:fortune",
                   "formula": "minecraft:ore_drops"
                 }
               ],  
               "name": "minecraft:raw_iron"
             }, 
             {
              "type": "minecraft:item",
              "conditions": [
                {
                  "condition": "minecraft:match_tool",
                  "predicate": {
                    "enchantments": [
                      {
                        "enchantment": "minecraft:fortune",
                        "levels": {
                          "min": 1
                        }
                      }
                    ],
                   "nbt": "{CustomEnchantments:{VeinMiner:1}}"
                  }
                }
              ],
              "functions": [
                {
                  "function": "set_nbt",
                  "tag": "{CustomEnchantments:{VeinMinerItemBreak:1}}"
                },
                {
                  "function": "minecraft:apply_bonus",
                  "enchantment": "minecraft:fortune",
                  "formula": "minecraft:ore_drops"
                }
              ],  
              "name": "minecraft:raw_iron"
            },
            {
              "type": "minecraft:item",
              "conditions": [
                {
                  "condition": "minecraft:match_tool",
                  "predicate": {
                    "enchantments": [
                      {
                        "enchantment": "minecraft:silk_touch",
                        "levels": {
                          "min": 1
                        }
                      }
                    ],
                   "nbt": "{CustomEnchantments:{VeinMiner:1}}"
                  }
                }
              ],
              "functions": [
                {
                  "function": "set_nbt",
                  "tag": "{CustomEnchantments:{VeinMinerItemBreak:1}}"
                }
              ],  
              "name": "minecraft:deepslate_iron_ore"
            },
            {
              "type": "minecraft:item",
              "conditions": [
                {
                  "condition": "minecraft:match_tool",
                  "predicate": {
                    "enchantments": [
                      {
                        "enchantment": "minecraft:silk_touch",
                        "levels": {
                          "min": 1
                        }
                      }
                    ],
                   "nbt": "{CustomEnchantments:{MiningPlus:1}}"
                  }
                }
              ],
              "functions": [
                {
                  "function": "set_nbt",
                  "tag": "{CustomEnchantments:{MiningPlusItembreak:1,MiningPlusItembreakDeepOre:1}}"
                }
              ],  
              "name": "minecraft:deepslate_iron_ore"
            },
            {
              "type": "minecraft:item",
              "name": "minecraft:raw_iron",
              "conditions": [
                {
                  "condition": "minecraft:match_tool",
                  "predicate": {
                    "nbt": "{CustomEnchantments:{VeinMiner:1,AutoSmelt:1}}"
                  }
                }
              ],
              "functions": [
                {
                  "function": "set_nbt",
                  "tag": "{CustomEnchantments:{VeinMinerItemBreak:1,VeinAutoSmelt:1}}"
                }
              ] 
            },
            {
              "type": "minecraft:item",
              "name": "minecraft:raw_iron",
              "conditions": [
                {
                  "condition": "minecraft:match_tool",
                  "predicate": {
                   "nbt": "{CustomEnchantments:{VeinMiner:1}}"
                  }
                }
              ],
              "functions": [
                {
                  "function": "set_nbt",
                  "tag": "{CustomEnchantments:{VeinMinerItemBreak:1}}"
                }
              ]
            },
            {
              "type": "minecraft:item",
              "name": "minecraft:raw_iron",
              "conditions": [
                {
                  "condition": "minecraft:match_tool",
                  "predicate": {
                   "nbt": "{CustomEnchantments:{MiningPlus:1,AutoSmelt:1}}"
                  }
                }
              ],
              "functions": [
                {
                  "function": "set_nbt",
                  "tag": "{CustomEnchantments:{MiningPlusItembreak:1,CanAutoSmelt:1}}"
                }
              ] 
            },
            {
              "type": "minecraft:item",
              "conditions": [
                {
                  "condition": "minecraft:match_tool",
                  "predicate": {
                    "enchantments": [
                      {
                        "enchantment": "minecraft:fortune",
                        "levels": {
                          "min": 1
                        }
                      }
                    ],
                   "nbt": "{CustomEnchantments:{MiningPlus:1}}"
                  }
                }
              ],
              "functions": [
                {
                  "function": "set_nbt",
                  "tag": "{CustomEnchantments:{MiningPlusItembreak:1,MiningPlusItembreakFortune:1}}"
                },
                {
                  "function": "minecraft:apply_bonus",
                  "enchantment": "minecraft:fortune",
                  "formula": "minecraft:ore_drops"
                }
              ],  
              "name": "minecraft:raw_iron"
            },
            {
              "type": "minecraft:item",
              "name": "minecraft:raw_iron",
              "conditions": [
                {
                  "condition": "minecraft:match_tool",
                  "predicate": {
                   "nbt": "{CustomEnchantments:{MiningPlus:1}}"
                  }
                }
              ],
              "functions": [
                {
                  "function": "set_nbt",
                  "tag": "{CustomEnchantments:{MiningPlusItembreak:1,MiningPlusItembreakRaw:1}}"
                }
              ] 
            },
            {
              "type": "minecraft:item",
              "conditions": [
                {
                  "condition": "minecraft:match_tool",
                  "predicate": {
                    "enchantments": [
                      {
                        "enchantment": "minecraft:fortune",
                        "levels": {
                          "min": 1
                        }
                      }
                    ],
                   "nbt": "{CustomEnchantments:{AutoSmelt:1}}"
                  }
                }
              ],
              "functions": [
                {
                  "function": "set_nbt",
                  "tag": "{CustomEnchantments:{CanAutoSmelt:1}}"
                },
               {
                 "function": "minecraft:apply_bonus",
                 "enchantment": "minecraft:fortune",
                 "formula": "minecraft:ore_drops"
                }
              ],  
              "name": "minecraft:raw_iron"
            },
            {
              "type": "minecraft:item",
              "name": "minecraft:raw_iron",
              "functions": [
                {
                  "function": "set_nbt",
                  "tag": "{CustomEnchantments:{CanAutoSmelt:1}}"
                }
              ],
              "conditions": [
                {
                  "condition": "minecraft:match_tool",
                  "predicate": {
                   "nbt": "{CustomEnchantments:{AutoSmelt:1}}"
                  }
                }
              ]
            },
            {
              "type": "minecraft:item",
              "name": "minecraft:raw_iron",
              "functions": [
                {
                  "function": "minecraft:apply_bonus",
                  "enchantment": "minecraft:fortune",
                  "formula": "minecraft:ore_drops"
                }
              ],
              "conditions": [
                {
                  "condition": "minecraft:match_tool",
                  "predicate": {
                    "enchantments": [
                      {
                        "enchantment": "minecraft:fortune",
                        "levels": {
                          "min": 1
                        }
                      }
                    ]
                  }
                }
              ]
            },
            {
              "type": "minecraft:item",
              "name": "minecraft:deepslate_iron_ore",
              "conditions": [
                {
                  "condition": "minecraft:match_tool",
                  "predicate": {
                    "enchantments": [
                      {
                        "enchantment": "minecraft:silk_touch"
                      }
                    ]
                  }
                }
              ]
            },
            {
              "type": "minecraft:item",
              "name": "minecraft:raw_iron",
              "conditions": [
                {
                  "condition": "minecraft:match_tool",
                  "predicate": {}
                }
              ]
            },
            {
              "type": "minecraft:item",
              "name": "minecraft:deepslate_iron_ore",
              "conditions": [
                {
                  "condition": "minecraft:survives_explosion"
                }
              ]
            }
          ]
        }
      ]
    }
  ]
}