{
  "pools": [
    {
      "rolls": 1,
      "entries": [
        {
          "type": "item",
          "name": "minecraft:iron_sword",
          "weight": 2,
          "functions": [
            {
              "function": "set_nbt",
              "tag": "{Enchantments:[{id:\"minecraft:shinning\",lvl:1}],CustomEnchantments:{XpBoost:1,AntiLagXpBoost:1},display:{Lore:[\"{\\\"text\\\":\\\"XpBoost I\\\",\\\"color\\\":\\\"gray\\\",\\\"italic\\\":false}\"]}}"
            },
            {
              "function": "enchant_with_levels",
              "treasure": false,
              "levels": {
                "min": 20,
                "max": 30
              },
              "conditions": [
                {
                  "condition": "random_chance",
                  "chance": 0.75
                }
              ]
            }
          ]
        },
        {
          "type": "item",
          "name": "minecraft:iron_sword",
          "weight": 2,
          "functions": [
            {
              "function": "set_nbt",
              "tag": "{Enchantments:[{id:\"minecraft:shinning\",lvl:1}],CustomEnchantments:{XpBoost:2},AntiLagXpBoost:1,display:{Lore:[\"{\\\"text\\\":\\\"XpBoost II\\\",\\\"color\\\":\\\"gray\\\",\\\"italic\\\":false}\"]}}"
            },
            {
              "function": "enchant_with_levels",
              "treasure": false,
              "levels": {
                "min": 20,
                "max": 30
              },
              "conditions": [
                {
                  "condition": "random_chance",
                  "chance": 0.75
                }
              ]
            }
          ]
        },
        {
          "type": "item",
          "name": "minecraft:iron_sword",
          "weight": 2,
          "functions": [
            {
              "function": "set_nbt",
              "tag": "{Enchantments:[{id:\"minecraft:shinning\",lvl:1}],CustomEnchantments:{XpBoost:3},AntiLagXpBoost:1,display:{Lore:[\"{\\\"text\\\":\\\"XpBoost III\\\",\\\"color\\\":\\\"gray\\\",\\\"italic\\\":false}\"]}}"
            },
            {
              "function": "enchant_with_levels",
              "treasure": false,
              "levels": {
                "min": 20,
                "max": 30
              },
              "conditions": [
                {
                  "condition": "random_chance",
                  "chance": 0.75
                }
              ]
            }
          ]
        },
        {
          "type": "item",
          "name": "minecraft:iron_sword",
          "weight": 2,
          "functions": [
            {
              "function": "set_nbt",
              "tag": "{Enchantments:[{id:\"minecraft:shinning\",lvl:1}],CustomEnchantments:{XpBoost:1,AntiLagXpBoost:1,BloodyBlade:1},display:{Lore:[\"{\\\"text\\\":\\\"XpBoost I\\\",\\\"color\\\":\\\"gray\\\",\\\"italic\\\":false}\",\"{\\\"text\\\":\\\"Bloody Blade\\\",\\\"color\\\":\\\"gray\\\",\\\"italic\\\":false}\"]}}"
            },
            {
              "function": "enchant_with_levels",
              "treasure": false,
              "levels": {
                "min": 20,
                "max": 30
              },
              "conditions": [
                {
                  "condition": "random_chance",
                  "chance": 0.75
                }
              ]
            }
          ]
        },
        {
          "type": "item",
          "name": "minecraft:iron_sword",
          "weight": 2,
          "functions": [
            {
              "function": "set_nbt",
              "tag": "{Enchantments:[{id:\"minecraft:shinning\",lvl:1}],CustomEnchantments:{XpBoost:2,AntiLagXpBoost:1,BloodyBlade:1},display:{Lore:[\"{\\\"text\\\":\\\"XpBoost II\\\",\\\"color\\\":\\\"gray\\\",\\\"italic\\\":false}\",\"{\\\"text\\\":\\\"Bloody Blade\\\",\\\"color\\\":\\\"gray\\\",\\\"italic\\\":false}\"]}}"
            },
            {
              "function": "enchant_with_levels",
              "treasure": false,
              "levels": {
                "min": 20,
                "max": 30
              },
              "conditions": [
                {
                  "condition": "random_chance",
                  "chance": 0.75
                }
              ]
            }
          ]
        },
        {
          "type": "item",
          "name": "minecraft:iron_sword",
          "weight": 2,
          "functions": [
            {
              "function": "set_nbt",
              "tag": "{Enchantments:[{id:\"minecraft:shinning\",lvl:1}],CustomEnchantments:{XpBoost:3,AntiLagXpBoost:1,BloodyBlade:1},display:{Lore:[\"{\\\"text\\\":\\\"XpBoost III\\\",\\\"color\\\":\\\"gray\\\",\\\"italic\\\":false}\",\"{\\\"text\\\":\\\"Bloody Blade\\\",\\\"color\\\":\\\"gray\\\",\\\"italic\\\":false}\"]}}"
            },
            {
              "function": "enchant_with_levels",
              "treasure": false,
              "levels": {
                "min": 20,
                "max": 30
              },
              "conditions": [
                {
                  "condition": "random_chance",
                  "chance": 0.75
                }
              ]
            }
          ]
        },
        {
          "type": "item",
          "name": "minecraft:iron_sword",
          "weight": 2,
          "functions": [
            {
              "function": "set_nbt",
              "tag": "{Enchantments:[{id:\"minecraft:shinning\",lvl:1}],CustomEnchantments:{XpBoost:1,AntiLagXpBoost:1,LifeSteal:1},display:{Lore:[\"{\\\"text\\\":\\\"XpBoost I\\\",\\\"color\\\":\\\"gray\\\",\\\"italic\\\":false}\",\"{\\\"text\\\":\\\"Life Steal\\\",\\\"color\\\":\\\"gray\\\",\\\"italic\\\":false}\"]}}"
            },
            {
              "function": "enchant_with_levels",
              "treasure": false,
              "levels": {
                "min": 20,
                "max": 30
              },
              "conditions": [
                {
                  "condition": "random_chance",
                  "chance": 0.75
                }
              ]
            }
          ]
        },
        {
          "type": "item",
          "name": "minecraft:iron_sword",
          "weight": 2,
          "functions": [
            {
              "function": "set_nbt",
              "tag": "{Enchantments:[{id:\"minecraft:shinning\",lvl:1}],CustomEnchantments:{XpBoost:2,AntiLagXpBoost:1,LifeSteal:1},display:{Lore:[\"{\\\"text\\\":\\\"XpBoost II\\\",\\\"color\\\":\\\"gray\\\",\\\"italic\\\":false}\",\"{\\\"text\\\":\\\"Life Steal\\\",\\\"color\\\":\\\"gray\\\",\\\"italic\\\":false}\"]}}"
            },
            {
              "function": "enchant_with_levels",
              "treasure": false,
              "levels": {
                "min": 20,
                "max": 30
              },
              "conditions": [
                {
                  "condition": "random_chance",
                  "chance": 0.75
                }
              ]
            }
          ]
        },
        {
          "type": "item",
          "name": "minecraft:iron_sword",
          "weight": 2,
          "functions": [
            {
              "function": "set_nbt",
              "tag": "{Enchantments:[{id:\"minecraft:shinning\",lvl:1}],CustomEnchantments:{XpBoost:3,AntiLagXpBoost:1,LifeSteal:1},display:{Lore:[\"{\\\"text\\\":\\\"XpBoost III\\\",\\\"color\\\":\\\"gray\\\",\\\"italic\\\":false}\",\"{\\\"text\\\":\\\"Life Steal\\\",\\\"color\\\":\\\"gray\\\",\\\"italic\\\":false}\"]}}"
            },
            {
              "function": "enchant_with_levels",
              "treasure": false,
              "levels": {
                "min": 20,
                "max": 30
              },
              "conditions": [
                {
                  "condition": "random_chance",
                  "chance": 0.75
                }
              ]
            }
          ]
        },
        {
          "type": "item",
          "name": "minecraft:iron_sword",
          "weight": 2,
          "functions": [
            {
              "function": "set_nbt",
              "tag": "{Enchantments:[{id:\"minecraft:shinning\",lvl:1}],CustomEnchantments:{AntiLagPoison:1,PoisonAspect:1},display:{Lore:[\"{\\\"text\\\":\\\"Poison Aspect I\\\",\\\"color\\\":\\\"gray\\\",\\\"italic\\\":false}\"]}}"
            },
            {
              "function": "enchant_with_levels",
              "treasure": false,
              "levels": {
                "min": 20,
                "max": 30
              },
              "conditions": [
                {
                  "condition": "random_chance",
                  "chance": 0.75
                }
              ]
            }
          ]
        },
        {
          "type": "item",
          "name": "minecraft:iron_sword",
          "weight": 2,
          "functions": [
            {
              "function": "set_nbt",
              "tag": "{Enchantments:[{id:\"minecraft:shinning\",lvl:1}],CustomEnchantments:{AntiLagPoison:1,PoisonAspect:2},display:{Lore:[\"{\\\"text\\\":\\\"Poison Aspect II\\\",\\\"color\\\":\\\"gray\\\",\\\"italic\\\":false}\"]}}"
            },
            {
              "function": "enchant_with_levels",
              "treasure": false,
              "levels": {
                "min": 20,
                "max": 30
              },
              "conditions": [
                {
                  "condition": "random_chance",
                  "chance": 0.75
                }
              ]
            }
          ]
        },
        {
          "type": "item",
          "name": "minecraft:iron_sword",
          "weight": 2,
          "functions": [
            {
              "function": "set_nbt",
              "tag": "{Enchantments:[{id:\"minecraft:shinning\",lvl:1}],CustomEnchantments:{AntiLagPoison:1,PoisonAspect:3},display:{Lore:[\"{\\\"text\\\":\\\"Poison Aspect III\\\",\\\"color\\\":\\\"gray\\\",\\\"italic\\\":false}\"]}}"
            },
            {
              "function": "enchant_with_levels",
              "treasure": false,
              "levels": {
                "min": 20,
                "max": 30
              },
              "conditions": [
                {
                  "condition": "random_chance",
                  "chance": 0.75
                }
              ]
            }
          ]
        },
        {
          "type": "item",
          "name": "minecraft:iron_sword",
          "weight": 2,
          "functions": [
            {
              "function": "set_nbt",
              "tag": "{Enchantments:[{id:\"minecraft:shinning\",lvl:1}],CustomEnchantments:{AntiExplosion:1},display:{Lore:[\"{\\\"text\\\":\\\"Anti-Explosion\\\",\\\"color\\\":\\\"gray\\\",\\\"italic\\\":false}\"]}}"
            },
            {
              "function": "enchant_with_levels",
              "treasure": false,
              "levels": {
                "min": 20,
                "max": 30
              },
              "conditions": [
                {
                  "condition": "random_chance",
                  "chance": 0.75
                }
              ]
            }
          ]
        },
        {
          "type": "item",
          "name": "minecraft:iron_sword",
          "weight": 2,
          "functions": [
            {
              "function": "set_nbt",
              "tag": "{Enchantments:[{id:\"minecraft:shinning\",lvl:1}],CustomEnchantments:{LifeSteal:1},display:{Lore:[\"{\\\"text\\\":\\\"Life Steal\\\",\\\"color\\\":\\\"gray\\\",\\\"italic\\\":false}\"]}}"
            },
            {
              "function": "enchant_with_levels",
              "treasure": false,
              "levels": {
                "min": 20,
                "max": 30
              },
              "conditions": [
                {
                  "condition": "random_chance",
                  "chance": 0.75
                }
              ]
            }
          ]
        },
        {
          "type": "item",
          "name": "minecraft:iron_sword",
          "weight": 2,
          "functions": [
            {
              "function": "set_nbt",
              "tag": "{Enchantments:[{id:\"minecraft:shinning\",lvl:1}],CustomEnchantments:{BloodyBlade:1},display:{Lore:[\"{\\\"text\\\":\\\"Bloody Blade\\\",\\\"color\\\":\\\"gray\\\",\\\"italic\\\":false}\"]}}"
            },
            {
              "function": "enchant_with_levels",
              "treasure": false,
              "levels": {
                "min": 20,
                "max": 30
              },
              "conditions": [
                {
                  "condition": "random_chance",
                  "chance": 0.75
                }
              ]
            }
          ]
        },
        {
          "type": "item",
          "name": "minecraft:iron_sword",
          "weight": 2,
          "functions": [
            {
              "function": "set_nbt",
              "tag": "{Enchantments:[{id:\"minecraft:shinning\",lvl:1}],CustomEnchantments:{AttackSpeed:1},display:{Lore:[\"{\\\"text\\\":\\\"Attack Speed I\\\",\\\"color\\\":\\\"gray\\\",\\\"italic\\\":false}\"]},AttributeModifiers:[{AttributeName:\"generic.attack_damage\",Name:\"generic.attack_damage\",Slot:\"mainhand\",Amount:6,Operation:0,UUID:[I;77481627,-1623700219,-1168109781,568412412]},{AttributeName:\"generic.attack_speed\",Name:\"generic.attack_speed\",Slot:\"mainhand\",Amount:1.9,Operation:0,UUID:[I;482155537,1676954367,-1298051121,660464404]}]}"
            },
            {
              "function": "enchant_with_levels",
              "treasure": false,
              "levels": {
                "min": 20,
                "max": 30
              },
              "conditions": [
                {
                  "condition": "random_chance",
                  "chance": 0.75
                }
              ]
            }
          ]
        },
        {
          "type": "item",
          "name": "minecraft:iron_sword",
          "weight": 2,
          "functions": [
            {
              "function": "set_nbt",
              "tag": "{Enchantments:[{id:\"minecraft:shinning\",lvl:1}],CustomEnchantments:{AttackSpeed:2},display:{Lore:[\"{\\\"text\\\":\\\"Attack Speed II\\\",\\\"color\\\":\\\"gray\\\",\\\"italic\\\":false}\"]},AttributeModifiers:[{AttributeName:\"generic.attack_damage\",Name:\"generic.attack_damage\",Slot:\"mainhand\",Amount:6,Operation:0,UUID:[I;77481627,-1623700219,-1168109781,568412412]},{AttributeName:\"generic.attack_speed\",Name:\"generic.attack_speed\",Slot:\"mainhand\",Amount:2.2,Operation:0,UUID:[I;482155537,1676954367,-1298051121,660464404]}]}"
            },
            {
              "function": "enchant_with_levels",
              "treasure": false,
              "levels": {
                "min": 20,
                "max": 30
              },
              "conditions": [
                {
                  "condition": "random_chance",
                  "chance": 0.75
                }
              ]
            }
          ]
        },
        {
          "type": "item",
          "name": "minecraft:iron_sword",
          "weight": 2,
          "functions": [
            {
              "function": "set_nbt",
              "tag": "{Enchantments:[{id:\"minecraft:shinning\",lvl:1}],CustomEnchantments:{AttackSpeed:3},display:{Lore:[\"{\\\"text\\\":\\\"Attack Speed III\\\",\\\"color\\\":\\\"gray\\\",\\\"italic\\\":false}\"]},AttributeModifiers:[{AttributeName:\"generic.attack_damage\",Name:\"generic.attack_damage\",Slot:\"mainhand\",Amount:6,Operation:0,UUID:[I;77481627,-1623700219,-1168109781,568412412]},{AttributeName:\"generic.attack_speed\",Name:\"generic.attack_speed\",Slot:\"mainhand\",Amount:2.5,Operation:0,UUID:[I;482155537,1676954367,-1298051121,660464404]}]}"
            },
            {
              "function": "enchant_with_levels",
              "treasure": false,
              "levels": {
                "min": 20,
                "max": 30
              },
              "conditions": [
                {
                  "condition": "random_chance",
                  "chance": 0.75
                }
              ]
            }
          ]
        },
        {
          "type": "item",
          "name": "minecraft:iron_sword",
          "weight": 1,
          "functions": [
            {
              "function": "set_nbt",
              "tag": "{Enchantments:[{id:\"minecraft:shinning\",lvl:1}],CustomEnchantments:{AntiLagPoison:1,PoisonAspect:1,AttackSpeed:1},EnchantLimit:2,display:{Lore:[\"{\\\"text\\\":\\\"Poison Aspect I\\\",\\\"color\\\":\\\"gray\\\",\\\"italic\\\":false}\",\"{\\\"text\\\":\\\"Attack Speed I\\\",\\\"color\\\":\\\"gray\\\",\\\"italic\\\":false}\"]},AttributeModifiers:[{AttributeName:\"generic.attack_damage\",Name:\"generic.attack_damage\",Slot:\"mainhand\",Amount:6,Operation:0,UUID:[I;77481627,-1623700219,-1168109781,568412412]},{AttributeName:\"generic.attack_speed\",Name:\"generic.attack_speed\",Slot:\"mainhand\",Amount:1.9,Operation:0,UUID:[I;482155537,1676954367,-1298051121,660464404]}]}"
            },
            {
              "function": "enchant_with_levels",
              "treasure": false,
              "levels": {
                "min": 20,
                "max": 30
              },
              "conditions": [
                {
                  "condition": "random_chance",
                  "chance": 0.75
                }
              ]
            }
          ]
        },
        {
          "type": "item",
          "name": "minecraft:iron_sword",
          "weight": 1,
          "functions": [
            {
              "function": "set_nbt",
              "tag": "{Enchantments:[{id:\"minecraft:shinning\",lvl:1}],CustomEnchantments:{AntiLagPoison:1,PoisonAspect:2,AttackSpeed:1},EnchantLimit:2,display:{Lore:[\"{\\\"text\\\":\\\"Poison Aspect II\\\",\\\"color\\\":\\\"gray\\\",\\\"italic\\\":false}\",\"{\\\"text\\\":\\\"Attack Speed I\\\",\\\"color\\\":\\\"gray\\\",\\\"italic\\\":false}\"]},AttributeModifiers:[{AttributeName:\"generic.attack_damage\",Name:\"generic.attack_damage\",Slot:\"mainhand\",Amount:6,Operation:0,UUID:[I;77481627,-1623700219,-1168109781,568412412]},{AttributeName:\"generic.attack_speed\",Name:\"generic.attack_speed\",Slot:\"mainhand\",Amount:1.9,Operation:0,UUID:[I;482155537,1676954367,-1298051121,660464404]}]}"
            },
            {
              "function": "enchant_with_levels",
              "treasure": false,
              "levels": {
                "min": 20,
                "max": 30
              },
              "conditions": [
                {
                  "condition": "random_chance",
                  "chance": 0.75
                }
              ]
            }
          ]
        },
        {
          "type": "item",
          "name": "minecraft:iron_sword",
          "weight": 1,
          "functions": [
            {
              "function": "set_nbt",
              "tag": "{Enchantments:[{id:\"minecraft:shinning\",lvl:1}],CustomEnchantments:{AntiLagPoison:1,PoisonAspect:3,AttackSpeed:1},EnchantLimit:2,display:{Lore:[\"{\\\"text\\\":\\\"Poison Aspect III\\\",\\\"color\\\":\\\"gray\\\",\\\"italic\\\":false}\",\"{\\\"text\\\":\\\"Attack Speed I\\\",\\\"color\\\":\\\"gray\\\",\\\"italic\\\":false}\"]},AttributeModifiers:[{AttributeName:\"generic.attack_damage\",Name:\"generic.attack_damage\",Slot:\"mainhand\",Amount:6,Operation:0,UUID:[I;77481627,-1623700219,-1168109781,568412412]},{AttributeName:\"generic.attack_speed\",Name:\"generic.attack_speed\",Slot:\"mainhand\",Amount:1.9,Operation:0,UUID:[I;482155537,1676954367,-1298051121,660464404]}]}"
            },
            {
              "function": "enchant_with_levels",
              "treasure": false,
              "levels": {
                "min": 20,
                "max": 30
              },
              "conditions": [
                {
                  "condition": "random_chance",
                  "chance": 0.75
                }
              ]
            }
          ]
        },
        {
          "type": "item",
          "name": "minecraft:iron_sword",
          "weight": 1,
          "functions": [
            {
              "function": "set_nbt",
              "tag": "{Enchantments:[{id:\"minecraft:shinning\",lvl:1}],CustomEnchantments:{AntiLagPoison:1,PoisonAspect:1,AttackSpeed:2},EnchantLimit:2,display:{Lore:[\"{\\\"text\\\":\\\"Poison Aspect I\\\",\\\"color\\\":\\\"gray\\\",\\\"italic\\\":false}\",\"{\\\"text\\\":\\\"Attack Speed II\\\",\\\"color\\\":\\\"gray\\\",\\\"italic\\\":false}\"]},AttributeModifiers:[{AttributeName:\"generic.attack_damage\",Name:\"generic.attack_damage\",Slot:\"mainhand\",Amount:6,Operation:0,UUID:[I;77481627,-1623700219,-1168109781,568412412]},{AttributeName:\"generic.attack_speed\",Name:\"generic.attack_speed\",Slot:\"mainhand\",Amount:2.2,Operation:0,UUID:[I;482155537,1676954367,-1298051121,660464404]}]}"
            },
            {
              "function": "enchant_with_levels",
              "treasure": false,
              "levels": {
                "min": 20,
                "max": 30
              },
              "conditions": [
                {
                  "condition": "random_chance",
                  "chance": 0.75
                }
              ]
            }
          ]
        },
        {
          "type": "item",
          "name": "minecraft:iron_sword",
          "weight": 1,
          "functions": [
            {
              "function": "set_nbt",
              "tag": "{Enchantments:[{id:\"minecraft:shinning\",lvl:1}],CustomEnchantments:{AntiLagPoison:1,PoisonAspect:2,AttackSpeed:2},EnchantLimit:2,display:{Lore:[\"{\\\"text\\\":\\\"Poison Aspect II\\\",\\\"color\\\":\\\"gray\\\",\\\"italic\\\":false}\",\"{\\\"text\\\":\\\"Attack Speed II\\\",\\\"color\\\":\\\"gray\\\",\\\"italic\\\":false}\"]},AttributeModifiers:[{AttributeName:\"generic.attack_damage\",Name:\"generic.attack_damage\",Slot:\"mainhand\",Amount:6,Operation:0,UUID:[I;77481627,-1623700219,-1168109781,568412412]},{AttributeName:\"generic.attack_speed\",Name:\"generic.attack_speed\",Slot:\"mainhand\",Amount:2.2,Operation:0,UUID:[I;482155537,1676954367,-1298051121,660464404]}]}"
            },
            {
              "function": "enchant_with_levels",
              "treasure": false,
              "levels": {
                "min": 20,
                "max": 30
              },
              "conditions": [
                {
                  "condition": "random_chance",
                  "chance": 0.75
                }
              ]
            }
          ]
        },
        {
          "type": "item",
          "name": "minecraft:iron_sword",
          "weight": 1,
          "functions": [
            {
              "function": "set_nbt",
              "tag": "{Enchantments:[{id:\"minecraft:shinning\",lvl:1}],CustomEnchantments:{AntiLagPoison:1,PoisonAspect:3,AttackSpeed:2},EnchantLimit:2,display:{Lore:[\"{\\\"text\\\":\\\"Poison Aspect III\\\",\\\"color\\\":\\\"gray\\\",\\\"italic\\\":false}\",\"{\\\"text\\\":\\\"Attack Speed II\\\",\\\"color\\\":\\\"gray\\\",\\\"italic\\\":false}\"]},AttributeModifiers:[{AttributeName:\"generic.attack_damage\",Name:\"generic.attack_damage\",Slot:\"mainhand\",Amount:6,Operation:0,UUID:[I;77481627,-1623700219,-1168109781,568412412]},{AttributeName:\"generic.attack_speed\",Name:\"generic.attack_speed\",Slot:\"mainhand\",Amount:2.2,Operation:0,UUID:[I;482155537,1676954367,-1298051121,660464404]}]}"
            },
            {
              "function": "enchant_with_levels",
              "treasure": false,
              "levels": {
                "min": 20,
                "max": 30
              },
              "conditions": [
                {
                  "condition": "random_chance",
                  "chance": 0.75
                }
              ]
            }
          ]
        },
        {
          "type": "item",
          "name": "minecraft:iron_sword",
          "weight": 1,
          "functions": [
            {
              "function": "set_nbt",
              "tag": "{Enchantments:[{id:\"minecraft:shinning\",lvl:1}],CustomEnchantments:{AntiLagPoison:1,PoisonAspect:1,AttackSpeed:3},EnchantLimit:2,display:{Lore:[\"{\\\"text\\\":\\\"Poison Aspect I\\\",\\\"color\\\":\\\"gray\\\",\\\"italic\\\":false}\",\"{\\\"text\\\":\\\"Attack Speed III\\\",\\\"color\\\":\\\"gray\\\",\\\"italic\\\":false}\"]},AttributeModifiers:[{AttributeName:\"generic.attack_damage\",Name:\"generic.attack_damage\",Slot:\"mainhand\",Amount:6,Operation:0,UUID:[I;77481627,-1623700219,-1168109781,568412412]},{AttributeName:\"generic.attack_speed\",Name:\"generic.attack_speed\",Slot:\"mainhand\",Amount:2.5,Operation:0,UUID:[I;482155537,1676954367,-1298051121,660464404]}]}"
            },
            {
              "function": "enchant_with_levels",
              "treasure": false,
              "levels": {
                "min": 20,
                "max": 30
              },
              "conditions": [
                {
                  "condition": "random_chance",
                  "chance": 0.75
                }
              ]
            }
          ]
        },
        {
          "type": "item",
          "name": "minecraft:iron_sword",
          "weight": 1,
          "functions": [
            {
              "function": "set_nbt",
              "tag": "{Enchantments:[{id:\"minecraft:shinning\",lvl:1}],CustomEnchantments:{AntiLagPoison:1,PoisonAspect:2,AttackSpeed:3},EnchantLimit:2,display:{Lore:[\"{\\\"text\\\":\\\"Poison Aspect II\\\",\\\"color\\\":\\\"gray\\\",\\\"italic\\\":false}\",\"{\\\"text\\\":\\\"Attack Speed III\\\",\\\"color\\\":\\\"gray\\\",\\\"italic\\\":false}\"]},AttributeModifiers:[{AttributeName:\"generic.attack_damage\",Name:\"generic.attack_damage\",Slot:\"mainhand\",Amount:6,Operation:0,UUID:[I;77481627,-1623700219,-1168109781,568412412]},{AttributeName:\"generic.attack_speed\",Name:\"generic.attack_speed\",Slot:\"mainhand\",Amount:2.5,Operation:0,UUID:[I;482155537,1676954367,-1298051121,660464404]}]}"
            },
            {
              "function": "enchant_with_levels",
              "treasure": false,
              "levels": {
                "min": 20,
                "max": 30
              },
              "conditions": [
                {
                  "condition": "random_chance",
                  "chance": 0.75
                }
              ]
            }
          ]
        },
        {
          "type": "item",
          "name": "minecraft:iron_sword",
          "weight": 1,
          "functions": [
            {
              "function": "set_nbt",
              "tag": "{Enchantments:[{id:\"minecraft:shinning\",lvl:1}],CustomEnchantments:{AntiLagPoison:1,PoisonAspect:3,AttackSpeed:3},EnchantLimit:2,display:{Lore:[\"{\\\"text\\\":\\\"Poison Aspect III\\\",\\\"color\\\":\\\"gray\\\",\\\"italic\\\":false}\",\"{\\\"text\\\":\\\"Attack Speed III\\\",\\\"color\\\":\\\"gray\\\",\\\"italic\\\":false}\"]},AttributeModifiers:[{AttributeName:\"generic.attack_damage\",Name:\"generic.attack_damage\",Slot:\"mainhand\",Amount:6,Operation:0,UUID:[I;77481627,-1623700219,-1168109781,568412412]},{AttributeName:\"generic.attack_speed\",Name:\"generic.attack_speed\",Slot:\"mainhand\",Amount:2.5,Operation:0,UUID:[I;482155537,1676954367,-1298051121,660464404]}]}"
            },
            {
              "function": "enchant_with_levels",
              "treasure": false,
              "levels": {
                "min": 20,
                "max": 30
              },
              "conditions": [
                {
                  "condition": "random_chance",
                  "chance": 0.75
                }
              ]
            }
          ]
        },
        {
          "type": "item",
          "name": "minecraft:iron_sword",
          "weight": 1,
          "functions": [
            {
              "function": "set_nbt",
              "tag": "{Enchantments:[{id:\"minecraft:shinning\",lvl:1}],CustomEnchantments:{AntiExplosion:1,AttackSpeed:1},EnchantLimit:2,display:{Lore:[\"{\\\"text\\\":\\\"Anti-Explosion\\\",\\\"color\\\":\\\"gray\\\",\\\"italic\\\":false}\",\"{\\\"text\\\":\\\"Attack Speed I\\\",\\\"color\\\":\\\"gray\\\",\\\"italic\\\":false}\"]},AttributeModifiers:[{AttributeName:\"generic.attack_damage\",Name:\"generic.attack_damage\",Slot:\"mainhand\",Amount:6,Operation:0,UUID:[I;77481627,-1623700219,-1168109781,568412412]},{AttributeName:\"generic.attack_speed\",Name:\"generic.attack_speed\",Slot:\"mainhand\",Amount:1.9,Operation:0,UUID:[I;482155537,1676954367,-1298051121,660464404]}]}"
            },
            {
              "function": "enchant_with_levels",
              "treasure": false,
              "levels": {
                "min": 20,
                "max": 30
              },
              "conditions": [
                {
                  "condition": "random_chance",
                  "chance": 0.75
                }
              ]
            }
          ]
        },
        {
          "type": "item",
          "name": "minecraft:iron_sword",
          "weight": 1,
          "functions": [
            {
              "function": "set_nbt",
              "tag": "{Enchantments:[{id:\"minecraft:shinning\",lvl:1}],CustomEnchantments:{AntiExplosion:1,AttackSpeed:2},EnchantLimit:2,display:{Lore:[\"{\\\"text\\\":\\\"Anti-Explosion\\\",\\\"color\\\":\\\"gray\\\",\\\"italic\\\":false}\",\"{\\\"text\\\":\\\"Attack Speed II\\\",\\\"color\\\":\\\"gray\\\",\\\"italic\\\":false}\"]},AttributeModifiers:[{AttributeName:\"generic.attack_damage\",Name:\"generic.attack_damage\",Slot:\"mainhand\",Amount:6,Operation:0,UUID:[I;77481627,-1623700219,-1168109781,568412412]},{AttributeName:\"generic.attack_speed\",Name:\"generic.attack_speed\",Slot:\"mainhand\",Amount:2.2,Operation:0,UUID:[I;482155537,1676954367,-1298051121,660464404]}]}"
            },
            {
              "function": "enchant_with_levels",
              "treasure": false,
              "levels": {
                "min": 20,
                "max": 30
              },
              "conditions": [
                {
                  "condition": "random_chance",
                  "chance": 0.75
                }
              ]
            }
          ]
        },
        {
          "type": "item",
          "name": "minecraft:iron_sword",
          "weight": 1,
          "functions": [
            {
              "function": "set_nbt",
              "tag": "{Enchantments:[{id:\"minecraft:shinning\",lvl:1}],CustomEnchantments:{AntiExplosion:1,AttackSpeed:3},EnchantLimit:2,display:{Lore:[\"{\\\"text\\\":\\\"Anti-Explosion\\\",\\\"color\\\":\\\"gray\\\",\\\"italic\\\":false}\",\"{\\\"text\\\":\\\"Attack Speed III\\\",\\\"color\\\":\\\"gray\\\",\\\"italic\\\":false}\"]},AttributeModifiers:[{AttributeName:\"generic.attack_damage\",Name:\"generic.attack_damage\",Slot:\"mainhand\",Amount:6,Operation:0,UUID:[I;77481627,-1623700219,-1168109781,568412412]},{AttributeName:\"generic.attack_speed\",Name:\"generic.attack_speed\",Slot:\"mainhand\",Amount:2.5,Operation:0,UUID:[I;482155537,1676954367,-1298051121,660464404]}]}"
            },
            {
              "function": "enchant_with_levels",
              "treasure": false,
              "levels": {
                "min": 20,
                "max": 30
              },
              "conditions": [
                {
                  "condition": "random_chance",
                  "chance": 0.75
                }
              ]
            }
          ]
        },
        {
          "type": "item",
          "name": "minecraft:iron_sword",
          "weight": 1,
          "functions": [
            {
              "function": "set_nbt",
              "tag": "{Enchantments:[{id:\"minecraft:shinning\",lvl:1}],CustomEnchantments:{AntiExplosion:1,AntiLagPoison:1,PoisonAspect:1},EnchantLimit:2,display:{Lore:[\"{\\\"text\\\":\\\"Anti-Explosion\\\",\\\"color\\\":\\\"gray\\\",\\\"italic\\\":false}\",\"{\\\"text\\\":\\\"Poison Aspect I\\\",\\\"color\\\":\\\"gray\\\",\\\"italic\\\":false}\"]}}"
            },
            {
              "function": "enchant_with_levels",
              "treasure": false,
              "levels": {
                "min": 20,
                "max": 30
              },
              "conditions": [
                {
                  "condition": "random_chance",
                  "chance": 0.75
                }
              ]
            }
          ]
        },
        {
          "type": "item",
          "name": "minecraft:iron_sword",
          "weight": 1,
          "functions": [
            {
              "function": "set_nbt",
              "tag": "{Enchantments:[{id:\"minecraft:shinning\",lvl:1}],CustomEnchantments:{AntiExplosion:1,AntiLagPoison:1,PoisonAspect:2},EnchantLimit:2,display:{Lore:[\"{\\\"text\\\":\\\"Anti-Explosion\\\",\\\"color\\\":\\\"gray\\\",\\\"italic\\\":false}\",\"{\\\"text\\\":\\\"Poison Aspect II\\\",\\\"color\\\":\\\"gray\\\",\\\"italic\\\":false}\"]}}"
            },
            {
              "function": "enchant_with_levels",
              "treasure": false,
              "levels": {
                "min": 20,
                "max": 30
              },
              "conditions": [
                {
                  "condition": "random_chance",
                  "chance": 0.75
                }
              ]
            }
          ]
        },
        {
          "type": "item",
          "name": "minecraft:iron_sword",
          "weight": 1,
          "functions": [
            {
              "function": "set_nbt",
              "tag": "{Enchantments:[{id:\"minecraft:shinning\",lvl:1}],CustomEnchantments:{AntiExplosion:1,AntiLagPoison:1,PoisonAspect:3},EnchantLimit:2,display:{Lore:[\"{\\\"text\\\":\\\"Anti-Explosion\\\",\\\"color\\\":\\\"gray\\\",\\\"italic\\\":false}\",\"{\\\"text\\\":\\\"Poison Aspect III\\\",\\\"color\\\":\\\"gray\\\",\\\"italic\\\":false}\"]}}"
            },
            {
              "function": "enchant_with_levels",
              "treasure": false,
              "levels": {
                "min": 20,
                "max": 30
              },
              "conditions": [
                {
                  "condition": "random_chance",
                  "chance": 0.75
                }
              ]
            }
          ]
        },
        {
          "type": "item",
          "name": "minecraft:iron_sword",
          "weight": 1,
          "functions": [
            {
              "function": "set_nbt",
              "tag": "{Enchantments:[{id:\"minecraft:shinning\",lvl:1}],CustomEnchantments:{LifeSteal:1,AttackSpeed:1},EnchantLimit:2,display:{Lore:[\"{\\\"text\\\":\\\"Life Steal\\\",\\\"color\\\":\\\"gray\\\",\\\"italic\\\":false}\",\"{\\\"text\\\":\\\"Attack Speed I\\\",\\\"color\\\":\\\"gray\\\",\\\"italic\\\":false}\"]},AttributeModifiers:[{AttributeName:\"generic.attack_damage\",Name:\"generic.attack_damage\",Slot:\"mainhand\",Amount:6,Operation:0,UUID:[I;77481627,-1623700219,-1168109781,568412412]},{AttributeName:\"generic.attack_speed\",Name:\"generic.attack_speed\",Slot:\"mainhand\",Amount:1.9,Operation:0,UUID:[I;482155537,1676954367,-1298051121,660464404]}]}"
            },
            {
              "function": "enchant_with_levels",
              "treasure": false,
              "levels": {
                "min": 20,
                "max": 30
              },
              "conditions": [
                {
                  "condition": "random_chance",
                  "chance": 0.75
                }
              ]
            }
          ]
        },
        {
          "type": "item",
          "name": "minecraft:iron_sword",
          "weight": 1,
          "functions": [
            {
              "function": "set_nbt",
              "tag": "{Enchantments:[{id:\"minecraft:shinning\",lvl:1}],CustomEnchantments:{LifeSteal:1,AttackSpeed:2},EnchantLimit:2,display:{Lore:[\"{\\\"text\\\":\\\"Life Steal\\\",\\\"color\\\":\\\"gray\\\",\\\"italic\\\":false}\",\"{\\\"text\\\":\\\"Attack Speed II\\\",\\\"color\\\":\\\"gray\\\",\\\"italic\\\":false}\"]},AttributeModifiers:[{AttributeName:\"generic.attack_damage\",Name:\"generic.attack_damage\",Slot:\"mainhand\",Amount:6,Operation:0,UUID:[I;77481627,-1623700219,-1168109781,568412412]},{AttributeName:\"generic.attack_speed\",Name:\"generic.attack_speed\",Slot:\"mainhand\",Amount:2.2,Operation:0,UUID:[I;482155537,1676954367,-1298051121,660464404]}]}"
            },
            {
              "function": "enchant_with_levels",
              "treasure": false,
              "levels": {
                "min": 20,
                "max": 30
              },
              "conditions": [
                {
                  "condition": "random_chance",
                  "chance": 0.75
                }
              ]
            }
          ]
        },
        {
          "type": "item",
          "name": "minecraft:iron_sword",
          "weight": 1,
          "functions": [
            {
              "function": "set_nbt",
              "tag": "{Enchantments:[{id:\"minecraft:shinning\",lvl:1}],CustomEnchantments:{LifeSteal:1,AttackSpeed:3},EnchantLimit:2,display:{Lore:[\"{\\\"text\\\":\\\"Life Steal\\\",\\\"color\\\":\\\"gray\\\",\\\"italic\\\":false}\",\"{\\\"text\\\":\\\"Attack Speed III\\\",\\\"color\\\":\\\"gray\\\",\\\"italic\\\":false}\"]},AttributeModifiers:[{AttributeName:\"generic.attack_damage\",Name:\"generic.attack_damage\",Slot:\"mainhand\",Amount:6,Operation:0,UUID:[I;77481627,-1623700219,-1168109781,568412412]},{AttributeName:\"generic.attack_speed\",Name:\"generic.attack_speed\",Slot:\"mainhand\",Amount:2.5,Operation:0,UUID:[I;482155537,1676954367,-1298051121,660464404]}]}"
            },
            {
              "function": "enchant_with_levels",
              "treasure": false,
              "levels": {
                "min": 20,
                "max": 30
              },
              "conditions": [
                {
                  "condition": "random_chance",
                  "chance": 0.75
                }
              ]
            }
          ]
        },
        {
          "type": "item",
          "name": "minecraft:iron_sword",
          "weight": 1,
          "functions": [
            {
              "function": "set_nbt",
              "tag": "{Enchantments:[{id:\"minecraft:shinning\",lvl:1}],CustomEnchantments:{LifeSteal:1,AntiLagPoison:1,PoisonAspect:1},EnchantLimit:2,display:{Lore:[\"{\\\"text\\\":\\\"Life Steal\\\",\\\"color\\\":\\\"gray\\\",\\\"italic\\\":false}\",\"{\\\"text\\\":\\\"Poison Aspect I\\\",\\\"color\\\":\\\"gray\\\",\\\"italic\\\":false}\"]}}"
            },
            {
              "function": "enchant_with_levels",
              "treasure": false,
              "levels": {
                "min": 20,
                "max": 30
              },
              "conditions": [
                {
                  "condition": "random_chance",
                  "chance": 0.75
                }
              ]
            }
          ]
        },
        {
          "type": "item",
          "name": "minecraft:iron_sword",
          "weight": 1,
          "functions": [
            {
              "function": "set_nbt",
              "tag": "{Enchantments:[{id:\"minecraft:shinning\",lvl:1}],CustomEnchantments:{LifeSteal:1,AntiLagPoison:1,PoisonAspect:2},EnchantLimit:2,display:{Lore:[\"{\\\"text\\\":\\\"Life Steal\\\",\\\"color\\\":\\\"gray\\\",\\\"italic\\\":false}\",\"{\\\"text\\\":\\\"Poison Aspect II\\\",\\\"color\\\":\\\"gray\\\",\\\"italic\\\":false}\"]}}"
            },
            {
              "function": "enchant_with_levels",
              "treasure": false,
              "levels": {
                "min": 20,
                "max": 30
              },
              "conditions": [
                {
                  "condition": "random_chance",
                  "chance": 0.75
                }
              ]
            }
          ]
        },
        {
          "type": "item",
          "name": "minecraft:iron_sword",
          "weight": 1,
          "functions": [
            {
              "function": "set_nbt",
              "tag": "{Enchantments:[{id:\"minecraft:shinning\",lvl:1}],CustomEnchantments:{LifeSteal:1,AntiLagPoison:1,PoisonAspect:3},EnchantLimit:2,display:{Lore:[\"{\\\"text\\\":\\\"Life Steal\\\",\\\"color\\\":\\\"gray\\\",\\\"italic\\\":false}\",\"{\\\"text\\\":\\\"Poison Aspect III\\\",\\\"color\\\":\\\"gray\\\",\\\"italic\\\":false}\"]}}"
            },
            {
              "function": "enchant_with_levels",
              "treasure": false,
              "levels": {
                "min": 20,
                "max": 30
              },
              "conditions": [
                {
                  "condition": "random_chance",
                  "chance": 0.75
                }
              ]
            }
          ]
        },
        {
          "type": "item",
          "name": "minecraft:iron_sword",
          "weight": 1,
          "functions": [
            {
              "function": "set_nbt",
              "tag": "{Enchantments:[{id:\"minecraft:shinning\",lvl:1}],CustomEnchantments:{BloodyBlade:1,AntiLagPoison:1,PoisonAspect:1},EnchantLimit:2,display:{Lore:[\"{\\\"text\\\":\\\"Bloody Blade\\\",\\\"color\\\":\\\"gray\\\",\\\"italic\\\":false}\",\"{\\\"text\\\":\\\"Poison Aspect I\\\",\\\"color\\\":\\\"gray\\\",\\\"italic\\\":false}\"]}}"
            },
            {
              "function": "enchant_with_levels",
              "treasure": false,
              "levels": {
                "min": 20,
                "max": 30
              },
              "conditions": [
                {
                  "condition": "random_chance",
                  "chance": 0.75
                }
              ]
            }
          ]
        },
        {
          "type": "item",
          "name": "minecraft:iron_sword",
          "weight": 1,
          "functions": [
            {
              "function": "set_nbt",
              "tag": "{Enchantments:[{id:\"minecraft:shinning\",lvl:1}],CustomEnchantments:{BloodyBlade:1,AntiLagPoison:1,PoisonAspect:2},EnchantLimit:2,display:{Lore:[\"{\\\"text\\\":\\\"Bloody Blade\\\",\\\"color\\\":\\\"gray\\\",\\\"italic\\\":false}\",\"{\\\"text\\\":\\\"Poison Aspect II\\\",\\\"color\\\":\\\"gray\\\",\\\"italic\\\":false}\"]}}"
            },
            {
              "function": "enchant_with_levels",
              "treasure": false,
              "levels": {
                "min": 20,
                "max": 30
              },
              "conditions": [
                {
                  "condition": "random_chance",
                  "chance": 0.75
                }
              ]
            }
          ]
        },
        {
          "type": "item",
          "name": "minecraft:iron_sword",
          "weight": 1,
          "functions": [
            {
              "function": "set_nbt",
              "tag": "{Enchantments:[{id:\"minecraft:shinning\",lvl:1}],CustomEnchantments:{BloodyBlade:1,AntiLagPoison:1,PoisonAspect:3},EnchantLimit:2,display:{Lore:[\"{\\\"text\\\":\\\"Bloody Blade\\\",\\\"color\\\":\\\"gray\\\",\\\"italic\\\":false}\",\"{\\\"text\\\":\\\"Poison Aspect III\\\",\\\"color\\\":\\\"gray\\\",\\\"italic\\\":false}\"]}}"
            },
            {
              "function": "enchant_with_levels",
              "treasure": false,
              "levels": {
                "min": 20,
                "max": 30
              },
              "conditions": [
                {
                  "condition": "random_chance",
                  "chance": 0.75
                }
              ]
            }
          ]
        },
        {
          "type": "item",
          "name": "minecraft:iron_sword",
          "weight": 1,
          "functions": [
            {
              "function": "set_nbt",
              "tag": "{Enchantments:[{id:\"minecraft:shinning\",lvl:1}],CustomEnchantments:{BloodyBlade:1,AttackSpeed:1},EnchantLimit:2,display:{Lore:[\"{\\\"text\\\":\\\"Bloody Blade\\\",\\\"color\\\":\\\"gray\\\",\\\"italic\\\":false}\",\"{\\\"text\\\":\\\"Attack Speed I\\\",\\\"color\\\":\\\"gray\\\",\\\"italic\\\":false}\"]},AttributeModifiers:[{AttributeName:\"generic.attack_damage\",Name:\"generic.attack_damage\",Slot:\"mainhand\",Amount:6,Operation:0,UUID:[I;77481627,-1623700219,-1168109781,568412412]},{AttributeName:\"generic.attack_speed\",Name:\"generic.attack_speed\",Slot:\"mainhand\",Amount:1.9,Operation:0,UUID:[I;482155537,1676954367,-1298051121,660464404]}]}"
            },
            {
              "function": "enchant_with_levels",
              "treasure": false,
              "levels": {
                "min": 20,
                "max": 30
              },
              "conditions": [
                {
                  "condition": "random_chance",
                  "chance": 0.75
                }
              ]
            }
          ]
        },
        {
          "type": "item",
          "name": "minecraft:iron_sword",
          "weight": 1,
          "functions": [
            {
              "function": "set_nbt",
              "tag": "{Enchantments:[{id:\"minecraft:shinning\",lvl:1}],CustomEnchantments:{BloodyBlade:1,AttackSpeed:2},EnchantLimit:2,display:{Lore:[\"{\\\"text\\\":\\\"Bloody Blade\\\",\\\"color\\\":\\\"gray\\\",\\\"italic\\\":false}\",\"{\\\"text\\\":\\\"Attack Speed II\\\",\\\"color\\\":\\\"gray\\\",\\\"italic\\\":false}\"]},AttributeModifiers:[{AttributeName:\"generic.attack_damage\",Name:\"generic.attack_damage\",Slot:\"mainhand\",Amount:6,Operation:0,UUID:[I;77481627,-1623700219,-1168109781,568412412]},{AttributeName:\"generic.attack_speed\",Name:\"generic.attack_speed\",Slot:\"mainhand\",Amount:2.2,Operation:0,UUID:[I;482155537,1676954367,-1298051121,660464404]}]}"
            },
            {
              "function": "enchant_with_levels",
              "treasure": false,
              "levels": {
                "min": 20,
                "max": 30
              },
              "conditions": [
                {
                  "condition": "random_chance",
                  "chance": 0.75
                }
              ]
            }
          ]
        },
        {
          "type": "item",
          "name": "minecraft:iron_sword",
          "weight": 1,
          "functions": [
            {
              "function": "set_nbt",
              "tag": "{Enchantments:[{id:\"minecraft:shinning\",lvl:1}],CustomEnchantments:{BloodyBlade:1,AttackSpeed:3},EnchantLimit:2,display:{Lore:[\"{\\\"text\\\":\\\"Bloody Blade\\\",\\\"color\\\":\\\"gray\\\",\\\"italic\\\":false}\",\"{\\\"text\\\":\\\"Attack Speed III\\\",\\\"color\\\":\\\"gray\\\",\\\"italic\\\":false}\"]},AttributeModifiers:[{AttributeName:\"generic.attack_damage\",Name:\"generic.attack_damage\",Slot:\"mainhand\",Amount:6,Operation:0,UUID:[I;77481627,-1623700219,-1168109781,568412412]},{AttributeName:\"generic.attack_speed\",Name:\"generic.attack_speed\",Slot:\"mainhand\",Amount:2.5,Operation:0,UUID:[I;482155537,1676954367,-1298051121,660464404]}]}"
            },
            {
              "function": "enchant_with_levels",
              "treasure": false,
              "levels": {
                "min": 20,
                "max": 30
              },
              "conditions": [
                {
                  "condition": "random_chance",
                  "chance": 0.75
                }
              ]
            }
          ]
        },
        {
          "type": "item",
          "name": "minecraft:iron_sword",
          "weight": 2,
          "functions": [
            {
              "function": "set_nbt",
              "tag": "{Enchantments:[{id:\"minecraft:shinning\",lvl:1}],CustomEnchantments:{LastStand:1},display:{Lore:[\"{\\\"text\\\":\\\"Last Stand\\\",\\\"color\\\":\\\"gray\\\",\\\"italic\\\":false}\"]}}"
            },
            {
              "function": "enchant_with_levels",
              "treasure": false,
              "levels": {
                "min": 20,
                "max": 30
              },
              "conditions": [
                {
                  "condition": "random_chance",
                  "chance": 0.75
                }
              ]
            }
          ]
        }
      ]
    }
  ]
}