{
  "pools": [
    {
      "rolls": 1,
      "entries": [
        {
          "type": "item",
          "name": "minecraft:shield",
          "weight": 2,
          "functions": [
            {
              "function": "set_nbt",
              "tag": "{Enchantments:[{id:\"minecraft:shinning\",lvl:1}],CustomEnchantments:{AntiKnockback:1},display:{Lore:[\"{\\\"text\\\":\\\"Anti-Knockback I\\\",\\\"color\\\":\\\"gray\\\",\\\"italic\\\":false}\"]},AttributeModifiers:[{AttributeName:\"generic.knockback_resistance\",Name:\"generic.knockback_resistance\",Slot:\"mainhand\",Amount:0.25,Operation:0,UUID:[I;975087125,-2064694776,-1532467151,1409034134]},{AttributeName:\"generic.knockback_resistance\",Name:\"generic.knockback_resistance\",Slot:\"offhand\",Amount:0.25,Operation:0,UUID:[I;975087125,-2064694776,-1532467151,1409034134]}]}"
            },
            {
              "function": "enchant_with_levels",
              "treasure": false,
              "levels": {
                "min": 15,
                "max": 20
              },
              "conditions": [
                {
                  "condition": "random_chance",
                  "chance": 0.75
                }
              ]
            }
          ]
        },
        {
          "type": "item",
          "name": "minecraft:shield",
          "weight": 2,
          "functions": [
            {
              "function": "set_nbt",
              "tag": "{Enchantments:[{id:\"minecraft:shinning\",lvl:1}],CustomEnchantments:{HardnessPlus:1},display:{Lore:[\"{\\\"text\\\":\\\"Hardness+ I\\\",\\\"color\\\":\\\"gray\\\",\\\"italic\\\":false}\"]},AttributeModifiers:[{AttributeName:\"generic.armor_toughness\",Name:\"generic.armor_toughness\",Slot:\"mainhand\",Amount:2,Operation:0,UUID:[I;-859009993,-822590314,-1352652668,-665166885]},{AttributeName:\"generic.armor_toughness\",Name:\"generic.armor_toughness\",Slot:\"offhand\",Amount:2,Operation:0,UUID:[I;-859009993,-822590314,-1352652668,-665166885]}]}"
            },
            {
              "function": "enchant_with_levels",
              "treasure": false,
              "levels": {
                "min": 7,
                "max": 10
              },
              "conditions": [
                {
                  "condition": "random_chance",
                  "chance": 0.75
                }
              ]
            }
          ]
        },
        {
          "type": "item",
          "name": "minecraft:shield",
          "weight": 2,
          "functions": [
            {
              "function": "set_nbt",
              "tag": "{Enchantments:[{id:\"minecraft:shinning\",lvl:1}],CustomEnchantments:{HardnessPlus:2},display:{Lore:[\"{\\\"text\\\":\\\"Hardness+ II\\\",\\\"color\\\":\\\"gray\\\",\\\"italic\\\":false}\"]},AttributeModifiers:[{AttributeName:\"generic.armor_toughness\",Name:\"generic.armor_toughness\",Slot:\"mainhand\",Amount:3,Operation:0,UUID:[I;-859009993,-822590314,-1352652668,-665166885]},{AttributeName:\"generic.armor_toughness\",Name:\"generic.armor_toughness\",Slot:\"offhand\",Amount:3,Operation:0,UUID:[I;-859009993,-822590314,-1352652668,-665166885]}]}"
            },
            {
              "function": "enchant_with_levels",
              "treasure": false,
              "levels": {
                "min": 7,
                "max": 10
              },
              "conditions": [
                {
                  "condition": "random_chance",
                  "chance": 0.75
                }
              ]
            }
          ]
        },
        {
          "type": "item",
          "name": "minecraft:shield",
          "weight": 1,
          "functions": [
            {
              "function": "set_nbt",
              "tag": "{Enchantments:[{id:\"minecraft:shinning\",lvl:1}],CustomEnchantments:{AntiKnockback:1,HardnessPlus:1},display:{Lore:[\"{\\\"text\\\":\\\"Hardness+ I\\\",\\\"color\\\":\\\"gray\\\",\\\"italic\\\":false}\",\"{\\\"text\\\":\\\"Anti-Knockback I\\\",\\\"color\\\":\\\"gray\\\",\\\"italic\\\":false}\"]},AttributeModifiers:[{AttributeName:\"generic.knockback_resistance\",Name:\"generic.knockback_resistance\",Amount:0.25,Operation:0,UUID:[I;975087125,-2064694776,-1532467151,1409034134],Slot:\"mainhand\"},{AttributeName:\"generic.knockback_resistance\",Name:\"generic.knockback_resistance\",Amount:0.25,Operation:0,UUID:[I;975087125,-2064694776,-1532467151,1409034134],Slot:\"offhand\"},{AttributeName:\"generic.armor_toughness\",Name:\"generic.armor_toughness\",Slot:\"mainhand\",Amount:2,Operation:0,UUID:[I;-859009993,-822590314,-1352652668,-665166885]},{AttributeName:\"generic.armor_toughness\",Name:\"generic.armor_toughness\",Slot:\"offhand\",Amount:2,Operation:0,UUID:[I;-859009993,-822590314,-1352652668,-665166885]}]}"
            },
            {
              "function": "enchant_with_levels",
              "treasure": false,
              "levels": {
                "min": 7,
                "max": 10
              },
              "conditions": [
                {
                  "condition": "random_chance",
                  "chance": 0.75
                }
              ]
            }
          ]
        },
        {
          "type": "item",
          "name": "minecraft:shield",
          "weight": 1,
          "functions": [
            {
              "function": "set_nbt",
              "tag": "{Enchantments:[{id:\"minecraft:shinning\",lvl:1}],CustomEnchantments:{AntiKnockback:1,HardnessPlus:2},display:{Lore:[\"{\\\"text\\\":\\\"Hardness+ II\\\",\\\"color\\\":\\\"gray\\\",\\\"italic\\\":false}\",\"{\\\"text\\\":\\\"Anti-Knockback I\\\",\\\"color\\\":\\\"gray\\\",\\\"italic\\\":false}\"]},AttributeModifiers:[{AttributeName:\"generic.knockback_resistance\",Name:\"generic.knockback_resistance\",Amount:0.25,Operation:0,UUID:[I;975087125,-2064694776,-1532467151,1409034134],Slot:\"mainhand\"},{AttributeName:\"generic.knockback_resistance\",Name:\"generic.knockback_resistance\",Amount:0.25,Operation:0,UUID:[I;975087125,-2064694776,-1532467151,1409034134],Slot:\"offhand\"},{AttributeName:\"generic.armor_toughness\",Name:\"generic.armor_toughness\",Slot:\"mainhand\",Amount:3,Operation:0,UUID:[I;-859009993,-822590314,-1352652668,-665166885]},{AttributeName:\"generic.armor_toughness\",Name:\"generic.armor_toughness\",Slot:\"offhand\",Amount:3,Operation:0,UUID:[I;-859009993,-822590314,-1352652668,-665166885]}]}"
            },
            {
              "function": "enchant_with_levels",
              "treasure": false,
              "levels": {
                "min": 7,
                "max": 10
              },
              "conditions": [
                {
                  "condition": "random_chance",
                  "chance": 0.75
                }
              ]
            }
          ]
        }
      ]
    }
  ]
}