{
  "pools": [
    {
      "rolls": 1,
      "entries": [
        {
          "type": "item",
          "name": "minecraft:crossbow",
          "weight": 2,
          "functions": [
            {
              "function": "set_nbt",
              "tag": "{Enchantments:[{id:\"minecraft:shinning\",lvl:1}],CustomEnchantments:{ShockFangs:1},CustomArrow:2,display:{Lore:[\"{\\\"text\\\":\\\"Shock Fangs\\\",\\\"color\\\":\\\"gray\\\",\\\"italic\\\":false}\"]}}"
            },
            {
              "function": "enchant_with_levels",
              "treasure": false,
              "levels": {
                "min": 15,
                "max": 20
              },
              "conditions": [
                {
                  "condition": "random_chance",
                  "chance": 0.75
                }
              ]
            }
          ]
        },
        {
          "type": "item",
          "name": "minecraft:crossbow",
          "weight": 2,
          "functions": [
            {
              "function": "set_nbt",
              "tag": "{Enchantments:[{id:\"minecraft:shinning\",lvl:1}],CustomEnchantments:{Sniper:1},display:{Lore:[\"{\\\"text\\\":\\\"Sniper\\\",\\\"color\\\":\\\"gray\\\",\\\"italic\\\":false}\"]}}"
            },
            {
              "function": "enchant_with_levels",
              "treasure": false,
              "levels": {
                "min": 15,
                "max": 20
              },
              "conditions": [
                {
                  "condition": "random_chance",
                  "chance": 0.75
                }
              ]
            }
          ]
        },
        {
          "type": "item",
          "name": "minecraft:crossbow",
          "weight": 2,
          "functions": [
            {
              "function": "set_nbt",
              "tag": "{Enchantments:[{id:\"minecraft:shinning\",lvl:1}],CustomEnchantments:{AccuracyShot:1},display:{Lore:[\"{\\\"text\\\":\\\"Accuracy Shot\\\",\\\"color\\\":\\\"gray\\\",\\\"italic\\\":false}\"]}}"
            },
            {
              "function": "enchant_with_levels",
              "treasure": false,
              "levels": {
                "min": 15,
                "max": 20
              },
              "conditions": [
                {
                  "condition": "random_chance",
                  "chance": 0.75
                }
              ]
            }
          ]
        },
        {
          "type": "item",
          "name": "minecraft:crossbow",
          "weight": 1,
          "functions": [
            {
              "function": "set_nbt",
              "tag": "{Enchantments:[{id:\"minecraft:shinning\",lvl:1}],CustomEnchantments:{Sniper:1,ShockFangs:1},EnchantLimit:2,CustomArrow:2,display:{Lore:[\"{\\\"text\\\":\\\"Sniper\\\",\\\"color\\\":\\\"gray\\\",\\\"italic\\\":false}\",\"{\\\"text\\\":\\\"Shock Fangs\\\",\\\"color\\\":\\\"gray\\\",\\\"italic\\\":false}\"]}}"
            },
            {
              "function": "enchant_with_levels",
              "treasure": false,
              "levels": {
                "min": 15,
                "max": 20
              },
              "conditions": [
                {
                  "condition": "random_chance",
                  "chance": 0.75
                }
              ]
            }
          ]
        },
        {
          "type": "item",
          "name": "minecraft:crossbow",
          "weight": 1,
          "functions": [
            {
              "function": "set_nbt",
              "tag": "{Enchantments:[{id:\"minecraft:shinning\",lvl:1}],CustomEnchantments:{Sniper:1,AccuracyShot:1},EnchantLimit:2,display:{Lore:[\"{\\\"text\\\":\\\"Sniper\\\",\\\"color\\\":\\\"gray\\\",\\\"italic\\\":false}\",\"{\\\"text\\\":\\\"Accuracy Shot\\\",\\\"color\\\":\\\"gray\\\",\\\"italic\\\":false}\"]}}"
            },
            {
              "function": "enchant_with_levels",
              "treasure": false,
              "levels": {
                "min": 15,
                "max": 20
              },
              "conditions": [
                {
                  "condition": "random_chance",
                  "chance": 0.75
                }
              ]
            }
          ]
        },
        {
          "type": "item",
          "name": "minecraft:crossbow",
          "weight": 1,
          "functions": [
            {
              "function": "set_nbt",
              "tag": "{Enchantments:[{id:\"minecraft:shinning\",lvl:1}],CustomEnchantments:{AccuracyShot:1,ShockFangs:1},EnchantLimit:2,CustomArrow:2,display:{Lore:[\"{\\\"text\\\":\\\"Accuracy Shot\\\",\\\"color\\\":\\\"gray\\\",\\\"italic\\\":false}\",\"{\\\"text\\\":\\\"Shock Fangs\\\",\\\"color\\\":\\\"gray\\\",\\\"italic\\\":false}\"]}}"
            },
            {
              "function": "enchant_with_levels",
              "treasure": false,
              "levels": {
                "min": 15,
                "max": 20
              },
              "conditions": [
                {
                  "condition": "random_chance",
                  "chance": 0.75
                }
              ]
            }
          ]
        }
      ]
    }
  ]
}