{
  "pools": [
    {
      "rolls": {
        "min": 3,
        "max": 6
      },
      "entries": [
        {
          "type": "item",
          "name": "minecraft:iron_ingot",
          "weight": 90,
          "functions": [
            {
              "function": "set_count",
              "count": {
                "min": 1,
                "max": 5
              }
            }
          ]
        },
        {
          "type": "item",
          "name": "minecraft:enchanted_book",
          "weight": 10,
          "functions": [
            {
              "function": "set_nbt",
              "tag": "{StoredCustomEnchantments:[{id:\"AttackSpeed\",lvl:1}],display:{Lore:[\"{\\\"text\\\":\\\"Attack Speed I\\\",\\\"color\\\":\\\"gray\\\",\\\"italic\\\":false}\", \"{\\\"text\\\":\\\"► Sword-Trident\\\",\\\"color\\\":\\\"red\\\"}\"]}}"
            }
          ]
        },
        {
          "type": "item",
          "name": "minecraft:enchanted_book",
          "weight": 8,
          "functions": [
            {
              "function": "set_nbt",
              "tag": "{StoredCustomEnchantments:[{id:\"Excavator\",lvl:1}],display:{Lore:[\"{\\\"text\\\":\\\"Excavator\\\",\\\"color\\\":\\\"gray\\\",\\\"italic\\\":false}\", \"{\\\"text\\\":\\\"► Shovel\\\",\\\"color\\\":\\\"yellow\\\"}\"]}}"
            }
          ]
        },
        {
          "type": "item",
          "name": "minecraft:gold_ingot",
          "weight": 10,
          "functions": [
            {
              "function": "set_count",
              "count": {
                "min": 1,
                "max": 5
              }
            }
          ]
        },
        {
          "type": "item",
          "name": "minecraft:emerald",
          "weight": 40,
          "functions": [
            {
              "function": "set_count",
              "count": {
                "min": 1,
                "max": 5
              }
            }
          ]
        },
        {
          "type": "item",
          "name": "minecraft:diamond",
          "weight": 5
        },
        {
          "type": "item",
          "name": "minecraft:experience_bottle",
          "weight": 5
        }
      ]
    },
    {
      "rolls": {
        "min": 2,
        "max": 5
      },
      "entries": [
        {
          "type": "item",
          "name": "minecraft:iron_nugget",
          "weight": 50,
          "functions": [
            {
              "function": "set_count",
              "count": {
                "min": 1,
                "max": 10
              }
            }
          ]
        },
        {
          "type": "item",
          "name": "minecraft:gold_nugget",
          "weight": 10,
          "functions": [
            {
              "function": "set_count",
              "count": {
                "min": 1,
                "max": 10
              }
            }
          ]
        },
        {
          "type": "item",
          "name": "minecraft:lapis_lazuli",
          "weight": 20,
          "functions": [
            {
              "function": "set_count",
              "count": {
                "min": 1,
                "max": 10
              }
            }
          ]
        }
      ]
    }
  ]
}