{
    "pools": [
        {
            "rolls": {
                "min": 2,
                "max": 10
            },
            "entries": [
                {
                    "type": "item",
                    "name": "minecraft:book",
                    "functions": [
                        {
                            "function": "set_count",
                            "count": {
                                "min": 1,
                                "max": 3
                            }
                        }
                    ],
                    "weight": 20
                },
                {
                    "type": "item",
                    "name": "minecraft:paper",
                    "functions": [
                        {
                            "function": "set_count",
                            "count": {
                                "min": 2,
                                "max": 7
                            }
                        }
                    ],
                    "weight": 20
                },
                {
                    "type": "item",
                    "name": "minecraft:map",
                    "weight": 1
                },
                {
                    "type": "item",
                    "name": "minecraft:compass",
                    "weight": 1
                },
                {
                    "type": "item",
                    "name": "minecraft:book",
                    "weight": 10,
                    "functions": [
                        {
                            "function": "enchant_with_levels",
                            "levels": 30,
                            "treasure": true
                        }
                    ]
                }
            ]
        },
        {
            "rolls": {
                "min": 1,
                "max": 3
            },
            "entries": [
            	{
                  "type": "item",
                  "name": "minecraft:enchanted_book",
                  "weight": 3,
                  "functions": [
                    {
                      "function": "set_nbt",
                      "tag": "{StoredCustomEnchantments:[{id:\"BrightVision\",lvl:1}],display:{Lore:[\"{\\\"text\\\":\\\"Bright Vision\\\",\\\"color\\\":\\\"gray\\\",\\\"italic\\\":false}\", \"{\\\"text\\\":\\\"► Helmet\\\",\\\"color\\\":\\\"blue\\\"}\"]}}"
                    }
                  ]
                },
                {
                  "type": "item",
                  "name": "minecraft:enchanted_book",
                  "weight": 4,
                  "functions": [
                    {
                      "function": "set_nbt",
                      "tag": "{StoredCustomEnchantments:[{id:\"PoisonAspect\",lvl:1}],display:{Lore:[\"{\\\"text\\\":\\\"Poison Aspect I\\\",\\\"color\\\":\\\"gray\\\",\\\"italic\\\":false}\", \"{\\\"text\\\":\\\"► Sword-Trident\\\",\\\"color\\\":\\\"red\\\"}\"]}}"
                    }
                  ]
                },
                {
                  "type": "item",
                  "name": "minecraft:enchanted_book",
                  "weight": 3,
                  "functions": [
                    {
                      "function": "set_nbt",
                      "tag": "{StoredCustomEnchantments:[{id:\"Leaping\",lvl:1}],display:{Lore:[\"{\\\"text\\\":\\\"Leaping I\\\",\\\"color\\\":\\\"gray\\\",\\\"italic\\\":false}\", \"{\\\"text\\\":\\\"► Leggings\\\",\\\"color\\\":\\\"blue\\\"}\"]}}"
                    }
                  ]
                },
                {
                  "type": "item",
                  "name": "minecraft:enchanted_book",
                  "weight": 3,
                  "functions": [
                    {
                      "function": "set_nbt",
                      "tag": "{StoredCustomEnchantments:[{id:\"Agility\",lvl:1}],display:{Lore:[\"{\\\"text\\\":\\\"Agility I\\\",\\\"color\\\":\\\"gray\\\",\\\"italic\\\":false}\", \"{\\\"text\\\":\\\"► Boots\\\",\\\"color\\\":\\\"blue\\\"}\"]}}"
                    }
                  ]
                },
                {
                  "type": "item",
                  "name": "minecraft:enchanted_book",
                  "weight": 3,
                  "functions": [
                    {
                      "function": "set_nbt",
                      "tag": "{StoredCustomEnchantments:[{id:\"LifePlus\",lvl:1}],display:{Lore:[\"{\\\"text\\\":\\\"Life+ I\\\",\\\"color\\\":\\\"gray\\\",\\\"italic\\\":false}\", \"{\\\"text\\\":\\\"► Chestplate\\\",\\\"color\\\":\\\"blue\\\"}\"]}}"
                    }
                  ]
                },
                {
                  "type": "item",
                  "name": "minecraft:enchanted_book",
                  "weight": 1,
                  "functions": [
                    {
                      "function": "set_nbt",
                      "tag": "{StoredCustomEnchantments:[{id:\"Explosive\",lvl:1}],display:{Lore:[\"{\\\"text\\\":\\\"Explosive\\\",\\\"color\\\":\\\"gray\\\",\\\"italic\\\":false}\", \"{\\\"text\\\":\\\"► Bow\\\",\\\"color\\\":\\\"red\\\"}\"]}}"
                    }
                  ]
                },
                {
                  "type": "item",
                  "name": "minecraft:enchanted_book",
                  "weight": 2,
                  "functions": [
                    {
                      "function": "set_nbt",
                      "tag": "{StoredCustomEnchantments:[{id:\"Haste\",lvl:1}],display:{Lore:[\"{\\\"text\\\":\\\"Haste I\\\",\\\"color\\\":\\\"gray\\\",\\\"italic\\\":false}\", \"{\\\"text\\\":\\\"► Pickaxe-Axe-Shovel\\\",\\\"color\\\":\\\"yellow\\\"}\"]}}"
                    }
                  ]
                },
                {
                  "type": "item",
                  "name": "minecraft:enchanted_book",
                  "weight": 3,
                  "functions": [
                    {
                      "function": "set_nbt",
                      "tag": "{StoredCustomEnchantments:[{id:\"Recovery\",lvl:1}],display:{Lore:[\"{\\\"text\\\":\\\"Recovery I\\\",\\\"color\\\":\\\"gray\\\",\\\"italic\\\":false}\", \"{\\\"text\\\":\\\"► Leggings\\\",\\\"color\\\":\\\"blue\\\"}\"]}}"
                    }
                  ]
                },
                {
                  "type": "item",
                  "name": "minecraft:enchanted_book",
                  "weight": 3,
                  "functions": [
                    {
                      "function": "set_nbt",
                      "tag": "{StoredCustomEnchantments:[{id:\"GrandTilling\",lvl:1}],display:{Lore:[\"{\\\"text\\\":\\\"Grand Tilling\\\",\\\"color\\\":\\\"gray\\\",\\\"italic\\\":false}\", \"{\\\"text\\\":\\\"► Hoe\\\",\\\"color\\\":\\\"yellow\\\"}\"]}}"
                    }
                  ]
                },
                {
                  "type": "item",
                  "name": "minecraft:enchanted_book",
                  "weight": 3,
                  "functions": [
                    {
                      "function": "set_nbt",
                      "tag": "{StoredCustomEnchantments:[{id:\"Replant\",lvl:1}],display:{Lore:[\"{\\\"text\\\":\\\"Replant\\\",\\\"color\\\":\\\"gray\\\",\\\"italic\\\":false}\", \"{\\\"text\\\":\\\"► Hoe\\\",\\\"color\\\":\\\"yellow\\\"}\"]}}"
                    }
                  ]
                },
                {
                  "type": "item",
                  "name": "minecraft:enchanted_book",
                  "weight": 3,
                  "functions": [
                    {
                      "function": "set_nbt",
                      "tag": "{StoredCustomEnchantments:[{id:\"PoisonAspect\",lvl:2}],display:{Lore:[\"{\\\"text\\\":\\\"Poison Aspect II\\\",\\\"color\\\":\\\"gray\\\",\\\"italic\\\":false}\", \"{\\\"text\\\":\\\"► Sword-Trident\\\",\\\"color\\\":\\\"red\\\"}\"]}}"
                    }
                  ]
                },
                {
                  "type": "item",
                  "name": "minecraft:enchanted_book",
                  "weight": 1,
                  "functions": [
                    {
                      "function": "set_nbt",
                      "tag": "{StoredCustomEnchantments:[{id:\"Excavator\",lvl:1}],display:{Lore:[\"{\\\"text\\\":\\\"Excavator\\\",\\\"color\\\":\\\"gray\\\",\\\"italic\\\":false}\", \"{\\\"text\\\":\\\"► Shovel\\\",\\\"color\\\":\\\"yellow\\\"}\"]}}"
                    }
                  ]
                },
                {
                  "type": "item",
                  "name": "minecraft:enchanted_book",
                  "weight": 3,
                  "functions": [
                    {
                      "function": "set_nbt",
                      "tag": "{StoredCustomEnchantments:[{id:\"AntiExplosion\",lvl:1}],display:{Lore:[\"{\\\"text\\\":\\\"Anti-Explosion\\\",\\\"color\\\":\\\"gray\\\",\\\"italic\\\":false}\", \"{\\\"text\\\":\\\"► Sword-Bow\\\",\\\"color\\\":\\\"red\\\"}\", \"{\\\"text\\\":\\\"► Helmet\\\",\\\"color\\\":\\\"blue\\\"}\"]}}"
                    }
                  ]
                },
                {
                  "type": "item",
                  "name": "minecraft:enchanted_book",
                  "weight": 2,
                  "functions": [
                    {
                      "function": "set_nbt",
                      "tag": "{StoredCustomEnchantments:[{id:\"AutoSmelt\",lvl:1}],display:{Lore:[\"{\\\"text\\\":\\\"Auto-Smelt\\\",\\\"color\\\":\\\"gray\\\",\\\"italic\\\":false}\", \"{\\\"text\\\":\\\"► Pickaxe-Axe-Shovel\\\",\\\"color\\\":\\\"yellow\\\"}\"]}}"
                    }
                  ]
                },
                {
                  "type": "item",
                  "name": "minecraft:enchanted_book",
                  "weight": 2,
                  "functions": [
                    {
                      "function": "set_nbt",
                      "tag": "{StoredCustomEnchantments:[{id:\"AccuracyShot\",lvl:1}],display:{Lore:[\"{\\\"text\\\":\\\"Accuracy Shot\\\",\\\"color\\\":\\\"gray\\\",\\\"italic\\\":false}\", \"{\\\"text\\\":\\\"► Bow-Crossbow\\\",\\\"color\\\":\\\"red\\\"}\"]}}"
                    }
                  ]
                },
                {
                  "type": "item",
                  "name": "minecraft:enchanted_book",
                  "weight": 3,
                  "functions": [
                    {
                      "function": "set_nbt",
                      "tag": "{StoredCustomEnchantments:[{id:\"AntiVenom\",lvl:1}],display:{Lore:[\"{\\\"text\\\":\\\"Anti-Venom I\\\",\\\"color\\\":\\\"gray\\\",\\\"italic\\\":false}\", \"{\\\"text\\\":\\\"► Chestplate\\\",\\\"color\\\":\\\"blue\\\"}\"]}}"
                    }
                  ]
                },
                {
                  "type": "item",
                  "name": "minecraft:enchanted_book",
                  "weight": 2,
                  "functions": [
                    {
                      "function": "set_nbt",
                      "tag": "{StoredCustomEnchantments:[{id:\"TimeBreaker\",lvl:1}],display:{Lore:[\"{\\\"text\\\":\\\"Time Breaker I\\\",\\\"color\\\":\\\"gray\\\",\\\"italic\\\":false}\", \"{\\\"text\\\":\\\"► Helmet\\\",\\\"color\\\":\\\"blue\\\"}\"]}}"
                    }
                  ]
                },
                {
                  "type": "item",
                  "name": "minecraft:enchanted_book",
                  "weight": 2,
                  "functions": [
                    {
                      "function": "set_nbt",
                      "tag": "{StoredCustomEnchantments:[{id:\"Chopping\",lvl:1}],display:{Lore:[\"{\\\"text\\\":\\\"Chopping\\\",\\\"color\\\":\\\"gray\\\",\\\"italic\\\":false}\", \"{\\\"text\\\":\\\"► Axe\\\",\\\"color\\\":\\\"yellow\\\"}\"]}}"
                    }
                  ]
                },
                {
                  "type": "item",
                  "name": "minecraft:enchanted_book",
                  "weight": 1,
                  "functions": [
                    {
                      "function": "set_nbt",
                      "tag": "{StoredCustomEnchantments:[{id:\"BigPath\",lvl:1}],display:{Lore:[\"{\\\"text\\\":\\\"Big Path\\\",\\\"color\\\":\\\"gray\\\",\\\"italic\\\":false}\", \"{\\\"text\\\":\\\"► Shovel\\\",\\\"color\\\":\\\"yellow\\\"}\"]}}"
                    }
                  ]
                },
                {
                  "type": "item",
                  "name": "minecraft:enchanted_book",
                  "weight": 2,
                  "functions": [
                    {
                      "function": "set_nbt",
                      "tag": "{StoredCustomEnchantments:[{id:\"Arachnid\",lvl:1}],display:{Lore:[\"{\\\"text\\\":\\\"Arachnid\\\",\\\"color\\\":\\\"gray\\\",\\\"italic\\\":false}\", \"{\\\"text\\\":\\\"► Bow\\\",\\\"color\\\":\\\"red\\\"}\"]}}"
                    }
                  ]
                },
                {
                  "type": "item",
                  "name": "minecraft:enchanted_book",
                  "weight": 1,
                  "functions": [
                    {
                      "function": "set_nbt",
                      "tag": "{StoredCustomEnchantments:[{id:\"VeinMiner\",lvl:1}],display:{Lore:[\"{\\\"text\\\":\\\"Vein Miner\\\",\\\"color\\\":\\\"gray\\\",\\\"italic\\\":false}\", \"{\\\"text\\\":\\\"► Pickaxe\\\",\\\"color\\\":\\\"yellow\\\"}\"]}}"
                    }
                  ]
                },
                {
                  "type": "item",
                  "name": "minecraft:enchanted_book",
                  "weight": 2,
                  "functions": [
                    {
                      "function": "set_nbt",
                      "tag": "{StoredCustomEnchantments:[{id:\"LifePlus\",lvl:2}],display:{Lore:[\"{\\\"text\\\":\\\"Life+ II\\\",\\\"color\\\":\\\"gray\\\",\\\"italic\\\":false}\", \"{\\\"text\\\":\\\"► Chestplate\\\",\\\"color\\\":\\\"blue\\\"}\"]}}"
                    }
                  ]
                },
                {
                  "type": "item",
                  "name": "minecraft:enchanted_book",
                  "weight": 1,
                  "functions": [
                    {
                      "function": "set_nbt",
                      "tag": "{StoredCustomEnchantments:[{id:\"SkyWalk\",lvl:1}],display:{Lore:[\"{\\\"text\\\":\\\"Sky Walk\\\",\\\"color\\\":\\\"gray\\\",\\\"italic\\\":false}\", \"{\\\"text\\\":\\\"► Boots\\\",\\\"color\\\":\\\"blue\\\"}\"]}}"
                    }
                  ]
                },
                {
                  "type": "item",
                  "name": "minecraft:enchanted_book",
                  "weight": 1,
                  "functions": [
                    {
                      "function": "set_nbt",
                      "tag": "{StoredCustomEnchantments:[{id:\"MiningPlus\",lvl:1}],display:{Lore:[\"{\\\"text\\\":\\\"Mining+\\\",\\\"color\\\":\\\"gray\\\",\\\"italic\\\":false}\", \"{\\\"text\\\":\\\"► Pickaxe\\\",\\\"color\\\":\\\"yellow\\\"}\"]}}"
                    }
                  ]
                },
                {
                  "type": "item",
                  "name": "minecraft:enchanted_book",
                  "weight": 1,
                  "functions": [
                    {
                      "function": "set_nbt",
                      "tag": "{StoredCustomEnchantments:[{id:\"LifeSteal\",lvl:1}],display:{Lore:[\"{\\\"text\\\":\\\"Life Steal\\\",\\\"color\\\":\\\"gray\\\",\\\"italic\\\":false}\", \"{\\\"text\\\":\\\"► Sword\\\",\\\"color\\\":\\\"red\\\"}\"]}}"
                    }
                  ]
                },
                {
                  "type": "item",
                  "name": "minecraft:enchanted_book",
                  "weight": 2,
                  "functions": [
                    {
                      "function": "set_nbt",
                      "tag": "{StoredCustomEnchantments:[{id:\"AutoFeed\",lvl:1}],display:{Lore:[\"{\\\"text\\\":\\\"Auto-Feed\\\",\\\"color\\\":\\\"gray\\\",\\\"italic\\\":false}\", \"{\\\"text\\\":\\\"► Chestplate\\\",\\\"color\\\":\\\"blue\\\"}\"]}}"
                    }
                  ]
                },
                {
                  "type": "item",
                  "name": "minecraft:enchanted_book",
                  "weight": 2,
                  "functions": [
                    {
                      "function": "set_nbt",
                      "tag": "{StoredCustomEnchantments:[{id:\"BloodyBlade\",lvl:1}],display:{Lore:[\"{\\\"text\\\":\\\"Bloody Blade\\\",\\\"color\\\":\\\"gray\\\",\\\"italic\\\":false}\", \"{\\\"text\\\":\\\"► Sword\\\",\\\"color\\\":\\\"red\\\"}\"]}}"
                    }
                  ]
                },
                {
                  "type": "item",
                  "name": "minecraft:enchanted_book",
                  "weight": 2,
                  "functions": [
                    {
                      "function": "set_nbt",
                      "tag": "{StoredCustomEnchantments:[{id:\"AttackSpeed\",lvl:1}],display:{Lore:[\"{\\\"text\\\":\\\"Attack Speed I\\\",\\\"color\\\":\\\"gray\\\",\\\"italic\\\":false}\", \"{\\\"text\\\":\\\"► Sword-Trident\\\",\\\"color\\\":\\\"red\\\"}\"]}}"
                    }
                  ]
                },
                {
                  "type": "item",
                  "name": "minecraft:enchanted_book",
                  "weight": 2,
                  "functions": [
                    {
                      "function": "set_nbt",
                      "tag": "{StoredCustomEnchantments:[{id:\"LastLife\",lvl:1}],display:{Lore:[\"{\\\"text\\\":\\\"Last Life\\\",\\\"color\\\":\\\"gray\\\",\\\"italic\\\":false}\", \"{\\\"text\\\":\\\"► Leggings-Shield\\\",\\\"color\\\":\\\"blue\\\"}\"]}}"
                    }
                  ]
                },
                {
                  "type": "item",
                  "name": "minecraft:enchanted_book",
                  "weight": 1,
                  "functions": [
                    {
                      "function": "set_nbt",
                      "tag": "{StoredCustomEnchantments:[{id:\"Sniper\",lvl:1}],display:{Lore:[\"{\\\"text\\\":\\\"Sniper\\\",\\\"color\\\":\\\"gray\\\",\\\"italic\\\":false}\", \"{\\\"text\\\":\\\"► Crossbow\\\",\\\"color\\\":\\\"red\\\"}\"]}}"
                    }
                  ]
                },
                {
                  "type": "item",
                  "name": "minecraft:enchanted_book",
                  "weight": 1,
                  "functions": [
                    {
                      "function": "set_nbt",
                      "tag": "{StoredCustomEnchantments:[{id:\"FlamingSkin\",lvl:1}],display:{Lore:[\"{\\\"text\\\":\\\"Flaming Skin\\\",\\\"color\\\":\\\"gray\\\",\\\"italic\\\":false}\", \"{\\\"text\\\":\\\"► Chestplate\\\",\\\"color\\\":\\\"blue\\\"}\"]}}"
                    }
                  ]
                },
                {
                  "type": "item",
                  "name": "minecraft:enchanted_book",
                  "weight": 1,
                  "functions": [
                    {
                      "function": "set_nbt",
                      "tag": "{StoredCustomEnchantments:[{id:\"Waterjet\",lvl:1}],display:{Lore:[\"{\\\"text\\\":\\\"Waterjet\\\",\\\"color\\\":\\\"gray\\\",\\\"italic\\\":false}\", \"{\\\"text\\\":\\\"► Trident\\\",\\\"color\\\":\\\"red\\\"}\"]}}"
                    }
                  ]
                },
                {
                    "type": "item",
                    "name": "minecraft:enchanted_book",
                    "weight": 1,
                    "functions": [
                        {
                         "function": "set_nbt",
                         "tag": "{StoredCustomEnchantments:[{id:\"HardnessPlus\",lvl:1}],display:{Lore:[\"{\\\"text\\\":\\\"Hardness+ I\\\",\\\"color\\\":\\\"gray\\\",\\\"italic\\\":false}\", \"{\\\"text\\\":\\\"► Shield\\\",\\\"color\\\":\\\"blue\\\"}\"]}}"
                        }
                    ]
                },
                {
                    "type": "item",
                    "name": "minecraft:enchanted_book",
                    "weight": 1,
                    "functions": [
                        {
                         "function": "set_nbt",
                         "tag": "{StoredCustomEnchantments:[{id:\"HardnessPlus\",lvl:2}],display:{Lore:[\"{\\\"text\\\":\\\"Hardness+ II\\\",\\\"color\\\":\\\"gray\\\",\\\"italic\\\":false}\", \"{\\\"text\\\":\\\"► Shield\\\",\\\"color\\\":\\\"blue\\\"}\"]}}"
                        }
                    ]
                }
            ]    
        }
    ]
}